{"cameraMode":{"drawMode":0,"name":"Shaded","section":"Shading Mode"},"sceneLighting":true,"audioPlay":false,"sceneViewState":{"m_AlwaysRefresh":false,"showFog":true,"showSkybox":true,"showFlares":true,"showImageEffects":true,"showParticleSystems":true,"showVisualEffectGraphs":true,"m_FxEnabled":true},"in2DMode":false,"pivot":{"x":43.806419372558597,"y":9.985269546508789,"z":72.40364074707031},"rotation":{"x":0.015196473337709904,"y":0.4201245605945587,"z":-0.007177451159805059,"w":0.9072906374931336},"size":62.26039505004883,"orthographic":false}