{"cameraMode":{"drawMode":0,"name":"Shaded","section":"Shading Mode"},"sceneLighting":true,"audioPlay":false,"sceneViewState":{"m_AlwaysRefresh":false,"showFog":true,"showSkybox":true,"showFlares":true,"showImageEffects":true,"showParticleSystems":true,"showVisualEffectGraphs":true,"m_FxEnabled":true},"in2DMode":false,"pivot":{"x":-12.765188217163086,"y":7.324636936187744,"z":-15.443655967712403},"rotation":{"x":-0.02469751611351967,"y":0.8770454525947571,"z":-0.0449533648788929,"w":-0.47784197330474856},"size":15.184113502502442,"orthographic":false}