{"cameraMode":{"drawMode":0,"name":"Shaded","section":"Shading Mode"},"sceneLighting":true,"audioPlay":false,"sceneViewState":{"m_AlwaysRefresh":false,"showFog":true,"showSkybox":true,"showFlares":true,"showImageEffects":true,"showParticleSystems":true,"showVisualEffectGraphs":true,"m_FxEnabled":true},"in2DMode":false,"pivot":{"x":-1.8525755405426026,"y":7.647017002105713,"z":9.667373657226563},"rotation":{"x":-0.13716022670269013,"y":0.07604750245809555,"z":-0.010566879995167256,"w":-0.9875985980033875},"size":10.279778480529786,"orthographic":false}