{"cameraMode":{"drawMode":0,"name":"Shaded","section":"Shading Mode"},"sceneLighting":true,"audioPlay":false,"sceneViewState":{"m_AlwaysRefresh":false,"showFog":true,"showSkybox":true,"showFlares":true,"showImageEffects":true,"showParticleSystems":true,"showVisualEffectGraphs":true,"m_FxEnabled":true},"in2DMode":false,"pivot":{"x":-0.8364009857177734,"y":4.931224822998047,"z":-23.39134979248047},"rotation":{"x":-0.028800053521990777,"y":0.9647286534309387,"z":-0.11805632710456848,"w":-0.23389290273189546},"size":20.892154693603517,"orthographic":false}