{"cameraMode":{"drawMode":0,"name":"Shaded","section":"Shading Mode"},"sceneLighting":true,"audioPlay":false,"sceneViewState":{"m_AlwaysRefresh":false,"showFog":true,"showSkybox":true,"showFlares":true,"showImageEffects":true,"showParticleSystems":true,"showVisualEffectGraphs":true,"m_FxEnabled":true},"in2DMode":false,"pivot":{"x":19.685810089111329,"y":7.985422611236572,"z":-8.703752517700196},"rotation":{"x":-0.010709940455853939,"y":-0.9265852570533752,"z":0.026735899969935418,"w":-0.37484657764434817},"size":4.629811763763428,"orthographic":false}