{"cameraMode":{"drawMode":0,"name":"Shaded","section":"Shading Mode"},"sceneLighting":true,"audioPlay":false,"sceneViewState":{"m_AlwaysRefresh":false,"showFog":true,"showSkybox":true,"showFlares":true,"showImageEffects":true,"showParticleSystems":true,"showVisualEffectGraphs":true,"m_FxEnabled":true},"in2DMode":false,"pivot":{"x":16.106245040893556,"y":2.5350608825683595,"z":4.565319061279297},"rotation":{"x":-0.12552200257778169,"y":-0.6018441319465637,"z":0.09650705009698868,"w":-0.7827754020690918},"size":10.846298217773438,"orthographic":false}