{"cameraMode":{"drawMode":0,"name":"Shaded","section":"Shading Mode"},"sceneLighting":true,"audioPlay":false,"sceneViewState":{"m_AlwaysRefresh":false,"showFog":true,"showSkybox":true,"showFlares":true,"showImageEffects":true,"showParticleSystems":true,"showVisualEffectGraphs":true,"m_FxEnabled":true},"in2DMode":false,"pivot":{"x":14.652386665344239,"y":11.132572174072266,"z":-38.786224365234378},"rotation":{"x":-0.0005705848452635109,"y":-0.9992698431015015,"z":0.016799842938780786,"w":-0.036016080528497699},"size":14.2420072555542,"orthographic":false}